{
  "$schema": "../node_modules/@tauri-apps/cli/config.schema.json",
  "productName": "sitehub",
  "version": "1.0.0",
  "identifier": "com.sitehub.desktop",
  "build": {
    "frontendDist": "../dist",
    "devUrl": "https://mornhub.help",
    "beforeDevCommand": "",
    "beforeBuildCommand": ""
  },
  "app": {
    "windows": [
      {
        "title": "sitehub",
        "width": 1200,
        "height": 800,
        "resizable": true,
        "fullscreen": false,
        "minWidth": 800,
        "minHeight": 600
      }
    ],
    "security": {
      "csp": null
    }
  },
  "bundle": {
    "active": true,
    "targets": "all",
    "icon": [
      "icons/icon.icns"
    ]
  }
}
