{
  "buildCommand": "npm run build",
  "outputDirectory": ".next",
  "framework": "nextjs",

  "env": {
    "NODE_ENV": "production"
  },
  "headers": [
    {
      "source": "/api/(.*)",
      "headers": [
        {
          "key": "Access-Control-Allow-Origin",
          "value": "https://your-production-domain.com"
        },
        {
          "key": "Access-Control-Allow-Methods",
          "value": "GET, POST, PUT, DELETE, OPTIONS"
        },
        {
          "key": "Access-Control-Allow-Headers",
          "value": "Content-Type, Authorization, X-Requested-With"
        },
        {
          "key": "Access-Control-Max-Age",
          "value": "86400"
        }
      ]
    }
  ],
  "rewrites": [
    {
      "source": "/api/(.*)",
      "destination": "/api/$1"
    }
  ]
}
